"report.id","platform.id"
"473678376979859584","4"
"473656318912825472","4"
"473646742851225728","4"
"473659689572960384","4"
"473653147251443840","4"
"473667096025958528","4"
"473663065585027200","4"
"471862183803786816","4"
"471856793915318848","4"
"471842740148986432","4"
"471541014750424576","4"
"471536612199230976","4"
"471704701532251456","4"
"471696063627404608","4"
"471701950257571136","4"
"471707464563565888","4"
"469946400524500544","4"
"469953367875812928","4"
"470630958241676736","4"
"470627793198906816","4"
"470622511669817536","4"
"469949714045632064","4"
"469930670986833984","4"
"469933391160750144","4"
"469914691087052864","4"
"469917904829886528","4"
"469911493530038336","4"
"469927959394463808","4"
"469924951130583104","4"
"469922392944881728","4"
"469936293589758016","4"
"467804477122853120","4"
"467800678618544384","4"
"467814622045321472","4"
"467818640947722496","4"
"467823879805552448","4"
"467829078364342080","4"
"467836917162002240","4"
"456563529138374784","4"
"467441143914390336","4"
"461337182322981952","4"
"459177474924108864","4"
"459140955965118720","4"
"456203530133908928","4"
"467432491656635200","4"
"461352760681069632","4"
"461330682452016192","4"
"467450517596627776","4"
"456172960821620160","4"
"445095653180336128","4"
"460119166638826816","4"
"460597337713226688","4"
"462448490633004224","4"
"463139030091038016","4"
"456181352155917760","4"
"462047259690188224","4"
"460508797776703360","4"
"460574478148252608","4"
"445554884683397184","4"
"456883408147698368","4"
"462407729025297728","4"
"461360499520076864","4"
"473227679770892352","2"
"473230958391220288","2"
"473237260611131776","2"
"473217845600213056","2"
"473221989471901760","2"
"473224569191159872","2"
"472946455494135488","2"
"472915133325212800","2"
"472912159823723648","2"
"472908891336834176","2"
"472893523646053504","2"
"472924545007385088","2"
"472901856994098304","2"
"472840962614606848","2"
"472876739776068608","2"
"472866044569304064","2"
"472860031136939008","2"
"472871792007298048","2"
"472856646400719872","2"
"472848484188666880","2"
"472852755571391488","2"
"469964837939903488","2"
"469992290050790336","2"
"470002013181465536","2"
"472528106713944704","2"
"470655209183114432","2"
"471021562712260928","2"
"471412788378660736","2"
"471418441801330560","2"
"471432116273990080","2"
"471425175103523264","2"
"471420620311677376","2"
"471036274385077824","2"
"471043072567526976","2"
"471057158366293696","2"
"471064889553250816","2"
"471017666392588608","2"
"471039109118019136","2"
"471030726231049792","2"
"471027456334874176","2"
"470315945237230592","2"
"470628214609016000","2"
"470639708356736192","2"
"470357923671909120","2"
"470349230033150720","2"
"470361632103539456","2"
"470292067995694080","2"
"470303108712444928","2"
"470298067918205952","2"
"470308586637046784","2"
"462734086278750720","2"
"462759437742645760","2"
"466745947558485504","2"
"466361653430296064","2"
"466736110288215552","2"
"457970796899240128","2"
"461661491648358272","2"
"455173942361538176","2"
"436306085396107584","2"
"464556971023739072","2"
"467065801209035904","2"
"447164648542644288","2"
"472930254470505920","2"
"472865018569417728","2"
"472801144712717760","2"
"472790425019606464","2"
"472793463541196224","2"
"472798270851114432","2"
"472845651252602304","2"
"472753003485455808","2"
"472749739499054528","2"
"472183709184123776","2"
"472174950315549568","2"
"472169183810249600","2"
"472721846236367040","2"
"472596556590717248","2"
"472560277138901952","2"
"472745998695785920","2"
"472592457688414784","2"
"472602895970834752","2"
"472739660443936192","2"
"472742699246544320","2"
"472524810592295232","2"
"472512263000529216","2"
"472519227252250944","2"
"472506805475486144","2"
"470238417394306112","2"
"470420982056029696","2"
"471695615674785152","2"
"471639158900104576","2"
"471737155327597952","2"
"471315738664786240","2"
"471107914292602688","2"
"470628419896916352","2"
"470714704121273984","2"
"470744944241709632","2"
"470748312934715968","2"
"470752741381542464","2"
"470730513585270784","2"
"470736830446170112","2"
"470741309554332224","2"
"470703522949865088","2"
"470392255636208512","2"
"470254310237305728","2"
"470326154119024128","2"
"470397146966424448","2"
"470426603558321472","2"
"470266417041275776","2"
"470258428074949504","2"
"470262885793823616","2"
"470269977980205952","2"
"470275495733918592","2"
"468012274084563648","2"
"468116654199436544","2"
"466613959700542528","2"
"465517292315711296","2"
"465591122778363712","2"
"466212110594802560","2"
"466397741090407296","2"
"456067873762137408","2"
"466373000564638592","2"
"465499365034137408","2"
"465511380775573312","2"
"467459948155670848","2"
"469574583231962624","2"
"467356184660840768","2"
"472492439119160512","4"
"470537154876928256","4"
"470600650598629952","4"
"470591158699934272","4"
"470634849468346624","4"
"470604528341729856","4"
"470533681510854592","4"
"450342882890906880","4"
"450720815074707392","4"
"463409954037429312","4"
"463398163590449472","4"
"462974645804423872","4"
"462215527583752960","4"
"455387059682750720","4"
"453939576498101824","4"
"450041306748503808","4"
"450687761169345664","4"
"444816275190739136","4"
"439163985688039360","4"
"449271382225694592","4"
"452197680690968256","4"
"462682391472740288","4"
"451434447302716928","4"
"444863739089952640","4"
"469872360523419904","4"
"469876665401856256","4"
"469880806039736576","4"
"469903755812577600","4"
"469904562221979968","4"
"469914083673741632","4"
"469920087912256512","4"
"470200759651737216","4"
"470228474306895168","4"
"470235320579420608","4"
"470244743515369920","4"
"470247657558405568","4"
"470256712465150400","4"
"470288518140913536","4"
"470362973528757248","4"
"470370657514656768","4"
"470374490500338688","4"
"470403171528624448","4"
"471401467763300864","4"
"471385145591536128","4"
"471374458654482496","4"
"471369080231354432","4"
"471061529269217216","4"
"471065236576774080","4"
"471057300110550976","4"
"470174052605566592","4"
"470238144369422784","4"
"470332333055845760","4"
"470338031093327232","4"
"470343943052895616","4"
"470529675509596928","4"
"470541505200096000","4"
"470517184511812800","4"
"470839794405685056","4"
"470876414534120064","4"
"470849493158484480","4"
"470882411923272320","4"
"470893526665294464","4"
"470854504257051136","4"
"470863207605623296","4"
"470888099969921664","4"
"470867914428406272","4"
"470897576387441280","4"
"470832811434784576","4"
"470410175138986432","4"
"470877151936899520","4"
"470809928078303552","4"
"470831289298570240","4"
"470812423298206720","4"
"470826884075604992","4"
"464151945435270528","4"
"450363465869680448","4"
"464137037813501312","4"
"469925150323497600","4"
"463115711900981824","4"
"465704828386966208","4"
"462053399161816448","4"
"465346800359527872","4"
"461839869375216128","4"
"462226632730070912","4"
"462250690800635776","4"
"461757976971984256","4"
"469230175118275712","4"
"447481500028355200","4"
"451858177547302016","4"
"462068399997797760","4"
"466367763138872000","4"
"465690980380605120","4"
"458898097154765504","4"
"466422534078563264","4"
"449395012680458688","4"
"463819537418534336","4"
"456944427236082752","4"
"469702111889544000","4"
"456242887783301376","4"
"451970242689428736","4"
"451473611353116608","4"
"456059825279035520","4"
"464252755403038144","4"
"462072332804290368","4"
"461897559854206144","4"
"460501829905640576","4"
"450014388807879808","4"
"463080749511871808","4"
"452314536689056320","4"
"469270238233630528","4"
"470127934276326976","4"
"449248694992088960","4"
"457327983666488320","4"
"470034832577624832","4"
"450861241990208768","4"
"446421285484848704","4"
"455111448781826816","4"
"466090904354423488","4"
"456087166491388032","4"
"459632711323554304","4"
"464947383516382016","4"
"452390857166857536","4"
"461513138224584320","4"
"470620200767718400","4"
"471496612684361728","4"
"471493244838604800","4"
"470748133473503552","4"
"470724220651548096","4"
"470639931109278720","4"
"470742361968593216","4"
"470228399236526656","4"
"468196940893679296","4"
"469316061160062720","4"
"469319799216062208","4"
"469323252352990976","4"
"467867070462839872","4"
"467887760308747968","4"
"468597423304907840","4"
"468604736812112448","4"
"468167714726713344","4"
"468189713461964480","4"
"468193333511220928","4"
"468102911589062656","4"
"468115965273937920","4"
"467752308205185152","4"
"467776448341502080","4"
"466422877058833024","4"
"466037616811427648","4"
"466025138463426368","4"
"465697911224202944","4"
"465703926342678208","4"
"465652410093595968","4"
"465676848646523968","4"
"465681736600325184","4"
"465645572527891776","4"
"465640617301648704","4"
"465280233217638848","4"
"465295392053051840","4"
"465264822883369408","4"
"464990275661625792","4"
"464974862936603072","4"
"464959450073168320","4"
"464621814384982912","4"
"464618024676129664","4"
"464597438263566720","4"
"464257880041671552","4"
"463901847258477632","4"
"463895436436780096","4"
"463175875852594304","4"
"463182328658209344","4"
"463168904317677504","4"
"463165807109386176","4"
"463067589411518464","4"
"463090106068611392","4"
"473654247338985472","4"
"472625193133864192","4"
"470620976558128768","4"
"470627558989774464","4"
"470679138266783744","4"
"470781227186209536","4"
"470592002515876096","4"
"470796881830732800","4"
"470780230108332224","4"
"470767036438254528","4"
"470790113269086272","4"
"470772590363644864","4"
"470760886573952512","4"
"470602117410887744","4"
"467532164131441600","4"
"467739590590305792","4"
"468230118679884800","4"
"468226881436365824","4"
"469324044126192320","4"
"469323961546826432","4"
"467734394841699840","4"
"467750033512994560","4"
"467760001108678400","4"
"467766132476483328","4"
"467869700920279040","4"
"468221693063003840","4"
"468093397725627072","4"
"468153006242939584","4"
"468156089240928960","4"
"468160110391476928","4"
"468231865134795968","4"
"468249663333931712","4"
"468243607681702592","4"
"468234210161173312","4"
"468258861354737920","4"
"468149852600287936","4"
"468105590940648128","4"
"467871936802199360","4"
"467876589581375296","4"
"467756349811857152","4"
"467887054416871424","4"
"467883893736177664","4"
"467817558560967232","4"
"467513459544077184","4"
"467519847391170432","4"
"467529174344667008","4"
"465162014279785152","4"
"466059999264312640","4"
"466055670461566272","4"
"466065623133916480","4"
"455563642236836480","4"
"439811465409405760","4"
"457733525325415744","4"
"461343741815494208","4"
"462064242183911424","4"
"461975326747411648","4"
"455809714465278080","4"
"462428094812367680","4"
"464618093676594880","4"
"473678173234137024","2"
"473685517645816512","2"
"473667168127027136","2"
"473682241113425856","2"
"473664241350084544","2"
"473674526446192576","2"
"473670460823439296","2"
"473646473267499136","2"
"473637156090925184","2"
"473642018715324544","2"
"472133557413365248","2"
"472175231548993984","2"
"472180389016187328","2"
"472185619384578496","2"
"472189811952136640","2"
"472192641056321984","2"
"472128204042814976","2"
"470629290681036800","2"
"470660629461107392","2"
"470679047163494912","2"
"471828895146333120","2"
"471833047465350080","2"
"471843759568053376","2"
"471839971192988800","2"
"471836767730394240","2"
"470624601306558464","2"
"470707237735294208","2"
"470645744721719296","2"
"470634832640077824","2"
"470700941560702208","2"
"470639608849231872","2"
"470619563188285440","2"
"470670992334012928","2"
"470665623197073920","2"
"470674930873549312","2"
"464549369014108992","2"
"468490435420122688","2"
"468494229654611584","2"
"469847873479152832","2"
"469853352670434496","2"
"469845071394673856","2"
"469842150036772032","2"
"469850622082061504","2"
"469673508156345024","2"
"469675855653767872","2"
"469670896417770176","2"
"469631240023481536","2"
"469628367856377024","2"
"469635865858363200","2"
"469662479544355520","2"
"461287633207481664","2"
"463464679968938112","2"
"469174129485000512","2"
"448218312295038720","2"
"441452863578766464","2"
"444583544951270208","2"
"463510043832586688","2"
"438838186279121024","2"
"461299483823363392","2"
"449020205422292992","2"
"453805106941881472","2"
"450744463458442496","2"
"450039925436342016","2"
"450523965811988352","2"
"462111491023345088","2"
"458817114097512320","2"
"464371451478085120","2"
"450880878352184640","2"
"463159544737513664","2"
"451237569505957376","2"
"451135727578630976","2"
"453673401621475136","2"
"448246809101057792","2"
"459488102809954624","2"
"454449898059533440","2"
"449963366714041728","2"
"469161989256621888","2"
"444773742296282176","2"
"442812612218389952","2"
"464323769905643264","2"
"458862473020103296","2"
"463453338357012608","2"
"447607610175860736","2"
"449428270232473728","2"
"467210163655345216","2"
"464254286004004032","2"
"462119270022813120","2"
"456252796904573760","2"
"442155993660479232","2"
"465784764155891712","2"
"462130223555435072","2"
"447641339836511424","2"
"455878644742055232","2"
"459171165028064576","2"
"465333864557270784","2"
"454054484972579584","2"
"445081453784937152","2"
"444777900806091840","2"
"448330042345861632","2"
"470325034223432576","2"
"470320475697042432","2"
"470317006235882496","2"
"469986229295270784","2"
"469586184608040704","2"
"467711690974409344","2"
"469581840010124224","2"
"469577652719000512","2"
"467698279536374400","2"
"467701544365830784","2"
"467715792173299968","2"
"467721684570634496","2"
"467725905286166784","2"
"467731073729853696","2"
"467837943868925888","2"
"467824498654160832","2"
"467827090755004352","2"
"467831065466218432","2"
"467814866862843840","2"
"467812012706080704","2"
"467817934094444480","2"
"467805286296561600","2"
"467821462665930688","2"
"467808811772651456","2"
"467456531968203968","2"
"467458734152827584","2"
"467462791894483648","2"
"459417652347112256","2"
"460451565392669760","2"
"463044995950176448","2"
"463048046857545920","2"
"440155882410190080","2"
"463033655079922432","2"
"441693174596047040","2"
"463041432830208192","2"
"463053975283951808","2"
"463065128869423296","2"
"463038826056968960","2"
"463071073222046400","2"
"463074876583359168","2"
"463010494537284928","2"
"463007147239423296","2"
"463060701336955072","2"
"463029123264473856","2"
"463015258360659264","2"
"463001171102809408","2"
"462997790657363264","2"
"442065967834852352","2"
"442074759528049664","2"
"462609251228361024","2"
"445138885131286208","2"
"459453582404225536","2"
"444883759619966400","2"
"444900942823622080","2"
"444876712333608384","2"
"444942000173417920","2"
"444936092013888960","2"
"459429256500865856","2"
"452220034228389248","2"
"444867455185913280","2"
"473284784442103360","2"
"473287716847801920","2"
"473291314658858560","2"
"473241465676873920","2"
"471747831536107968","2"
"472152707955783488","2"
"472203197038629952","2"
"472197566135178304","2"
"472109861131351872","2"
"472117771420923712","2"
"472121709117404992","2"
"472103373553891136","2"
"472113822890555200","2"
"472127423902742336","2"
"471788947282312256","2"
"471785384091040832","2"
"471743588020339136","2"
"471418163925049408","2"
"471457791371888320","2"
"471466847481279168","2"
"471405595685772672","2"
"466024544596233472","2"
"466028887386599296","2"
"465939326818216576","2"
"465934300095867520","2"
"465944653169060480","2"
"465612649778892928","2"
"465602645596295296","2"
"464244540372021312","2"
"464118569328728320","2"
"464127558020584960","2"
"463767464804500416","2"
"463764425234334656","2"
"463514128913948800","2"
"463517369676488832","2"
"463096511194709504","2"
"463751856928406400","2"
"463746306526231424","2"
"463740345476529024","2"
"463499822243668096","2"
"463521199143149696","2"
"463509608427315328","2"
"463505506775490688","2"
"463469921443961600","2"
"463100168048983552","2"
"462777251526179264","2"
"462772901961628096","2"
"462781426439228224","2"
"462700710828463296","2"
"462696691858953408","2"
"447805444118824128","2"
"455471210383304512","2"
"473158636112290496","2"
"473151010905367232","2"
"473133391906031104","2"
"473089807507522176","2"
"473074933120839552","2"
"472797683064946688","2"
"472790090842030080","2"
"472802353862852608","2"
"472698532105471232","2"
"472721732096888000","2"
"472731660144479424","2"
"472864153641696192","2"
"472741854601678016","2"
"472860660954134784","2"
"472747379674451136","2"
"472838804985444608","2"
"472843138573891840","2"
"472854085698943232","2"
"471721588685040640","2"
"472437813598290112","2"
"472430445179240640","2"
"472459958843435712","2"
"472434318627373248","2"
"472701891403236608","2"
"472708990935000256","2"
"472505276377335680","2"
"472510017538885504","2"
"472498928835102592","2"
"471660513187215552","2"
"471690972509097792","2"
"471684344409870144","2"
"471745132429601536","2"
"471737910064605952","2"
"470987279696280960","2"
"470953869519052032","2"
"470959747139853568","2"
"471308501946799232","2"
"471297444201174144","2"
"471283672757638272","2"
"470976496564321664","2"
"470982775286414720","2"
"470615793482657792","2"
"470992245827714432","2"
"470571188874442752","2"
"470972945230347648","2"
"470996819766463552","2"
"471007706518703168","2"
"471004041854635072","2"
"470633553934592960","2"
"470602483802198016","2"
"462916556792319936","2"
"463745891650575360","2"
"461619081544600448","2"
"467780245091043904","2"
"461817911962779456","2"
"462906085288759232","2"
"467668222416602112","2"
"460190161390796160","2"
"463699828516396032","2"
"462584596706707840","2"
"463391281159131072","2"
"461888097717862208","2"
"465501377875837248","2"
"465478534492488000","2"
"467800190435746688","2"
"462689685249280384","2"
"464448115869789440","2"
"467213432191850176","2"
"462575097912576384","2"
"464084220961123712","2"
"464100256628370816","2"
"465215122827820160","2"
"462991264963416000","2"
"462896386644430784","2"
"465849995090397696","2"
"462928946263019456","2"
"470238921999544192","2"
"465232111109586048","2"
"465239541344287872","2"
"464763317923299264","2"
"470558947278125056","2"
"469927106390294336","2"
"465575151904129344","2"
"463739116385803264","2"
"464524971977518336","2"
"461826851289866112","2"
"467227608125286656","2"
"464054522503785856","2"
"457462444491101824","2"
"462983475004231616","2"
"462605871028378112","2"
"465224473005177984","2"
"464553231158288128","2"
"459677377490238976","2"
"465181488397859968","2"
"473699224296212032","2"
"473114499684282880","2"
"473104094681412096","2"
"473108541704811008","2"
"473014078798911808","2"
"473024893069384000","2"
"473018514845817152","2"
"472680577594268736","2"
"472691352455060544","2"
"472686673109163072","2"
"472279053491772288","2"
"472275632479017856","2"
"470208836449774208","2"
"471959413074709120","2"
"471764013192703104","2"
"471601411646050240","2"
"471626835061151360","2"
"471630631174706816","2"
"471752672163802496","2"
"471773867623536640","2"
"470943662462281728","2"
"471608215350318720","2"
"471612642668877440","2"
"471618727173723776","2"
"471623470591809152","2"
"470937559892055360","2"
"470930837710394688","2"
"470934408782763328","2"
"470923688947045696","2"
"470578849375009664","2"
"470570187545852800","2"
"470565328725687168","2"
"470573044516993920","2"
"470557943386815360","2"
"470552815191669632","2"
"470562727896497024","2"
"470214592754526848","2"
"470219195294329472","2"
"470195015528844032","2"
"469333143813314368","2"
"469081988477785792","2"
"469432806635878848","2"
"469438478920333760","2"
"469442922055612864","2"
"469078422576993984","2"
"469075450551899840","2"
"469089040830863040","2"
"469085439991518912","2"
"468891886851222656","2"
"468894925658025088","2"
"463307323553278720","2"
"463081751124368256","2"
"460754734389539328","2"
"460760557962539520","2"
"456454242150723136","2"
"456460693132881472","2"
"470254592637314048","4"
"470406568757622400","4"
"470609071261309440","4"
"471825476958545152","4"
"471812783702795520","4"
"471819732896965888","4"
"470727045227603904","4"
"471455606635680512","4"
"471451084739760896","4"
"471463948231195968","4"
"471471616692224384","4"
"471005602196107520","4"
"470675829350941824","4"
"471112157978767936","4"
"471119726839411264","4"
"471116528439341632","4"
"471098215395045952","4"
"471107873367208512","4"
"471093382517692864","4"
"471087796505876928","4"
"471051638270399936","4"
"471082391620884928","4"
"470251148509750272","4"
"470360504731970496","4"
"470413914972026496","4"
"470643028312919488","4"
"470638468135587264","4"
"470649087060648960","4"
"470753537029384064","4"
"470730930285569984","4"
"470736515311724480","4"
"470747749057636224","4"
"470720779616503616","4"
"470618817862780032","4"
"470246472314547264","4"
"470392234362992256","4"
"470383543400199808","4"
"470368013159167616","4"
"470370755147658880","4"
"470375969049212544","4"
"470263018734003200","4"
"469996487230857600","4"
"470032147556042368","4"
"470027674355992192","4"
"470040843866572416","4"
"470021703286097536","4"
"470015275523606144","4"
"470044542026352256","4"
"470014832253343744","4"
"469267361825478144","4"
"463481462751867520","4"
"461694895491468992","4"
"461326592619255360","4"
"462753599036421888","4"
"461300728955344448","4"
"464967935722426688","4"
"454076725936025856","4"
"467492171461828800","4"
"473653695698772352","4"
"470356082108822528","4"
"471496497573316416","4"
"471472212870919872","4"
"471101612157531200","4"
"471096711679538240","4"
"471125416216851520","4"
"471116986605335616","4"
"471106208082916416","4"
"471113132929152064","4"
"471120644369773632","4"
"470383945589693888","4"
"470760308817473920","4"
"470634962099538048","4"
"470719548007549056","4"
"470676459113056384","4"
"470742749422498176","4"
"470692489675835520","4"
"470613074027422336","4"
"470650164144670848","4"
"470379801856417216","4"
"470366074850903040","4"
"470381154797596544","4"
"470414607853268864","4"
"470398948134072192","4"
"470323715015011520","4"
"470372508418940352","4"
"470353362515700288","4"
"470303619672534208","4"
"468938344129747904","4"
"470031808944411840","4"
"470020815770563136","4"
"469986028062900160","4"
"470021105627166464","4"
"470028918008002880","4"
"469969624658197376","4"
"469997438024495680","4"
"469971980285325888","4"
"467389021544894400","4"
"468910866468297664","4"
"468896890023959488","4"
"468901188023737280","4"
"469655514501854912","4"
"469602144717101184","4"
"469666227702383040","4"
"469652767265853440","4"
"469649604404121600","4"
"469639421200240640","4"
"469642369582043136","4"
"462787487842805376","4"
"463086939092437568","4"
"467831415456152448","4"
"463104100343106112","4"
"467453350272059456","4"
"462431262157815488","4"
"463080332312857152","4"
"468144588677037760","4"
"468170349068400960","4"
"467478366851039936","4"
"462806537784370816","4"
"462406125597474496","4"
"467438580156352576","4"
"467106903386041152","4"
"464949623869442880","4"
"467493296002171584","4"
"456967498142892096","4"
"468182840649431360","4"
"468944885028571904","4"
"470092067089765440","4"
"470256801517529728","4"
"470641124479566208","4"
"470647092315652480","4"
"470709420802327680","4"
"471849399037165440","4"
"470991204464770176","4"
"470999103782042752","4"
"470985532322921600","4"
"470982127038807168","4"
"470658878667306688","4"
"470651029031564992","4"
"470654896356013760","4"
"470686092431028992","4"
"470681810285720320","4"
"470431760005960576","4"
"470809779830260032","4"
"470804450803450176","4"
"470800044875841856","4"
"470728100255780736","4"
"470733612569942528","4"
"470728751778454016","4"
"470743151329012352","4"
"470794365414932800","4"
"470784424675645504","4"
"470779547836749888","4"
"470788859170658368","4"
"470767485437876288","4"
"470773735378655296","4"
"470712907711792256","4"
"470649897352921472","4"
"470752777926869760","4"
"470760647263257344","4"
"470756659889439488","4"
"470739035953425024","4"
"470703700384040064","4"
"470698975966151808","4"
"470621193801269632","4"
"470625661372563840","4"
"470630738619498880","4"
"470665872866023232","4"
"467359677719006592","4"
"470463185841780288","4"
"470481559774323328","4"
"470467001374963264","4"
"470475667939025536","4"
"470457969968903744","4"
"470447370186749504","4"
"470455230094341696","4"
"470451485491033664","4"
"456839390577426176","4"
"466573001912192320","4"
"460288975710484672","4"
"447585443343103040","4"
"445800577590589440","4"
"449589213560030016","4"
"450329179543124480","4"
"450169253766657280","4"
"449960445268940736","4"
"449571602306679616","4"
"465170713174661440","4"
"447262715469968768","4"
"458352038111032256","4"
"465945659402898880","4"
"470339607800816640","4"
"470348495338054656","4"
"471462455605100160","4"
"470708229628080064","4"
"470704926940835776","4"
"470715283252031424","4"
"471458410807066240","4"
"471410475396410688","4"
"471447205568740992","4"
"471407272453909824","4"
"471413295155686720","4"
"471439161577340544","4"
"471110955815729984","4"
"471092186226192000","4"
"471083719176318592","4"
"471088620216348288","4"
"470740357606649792","4"
"470333391395965120","4"
"470698506358992832","4"
"470729526164697024","4"
"470723739040198592","4"
"470702225628704704","4"
"470688670204159808","4"
"470368610347623424","4"
"470374206773896192","4"
"470362341054325760","4"
"470355040931128320","4"
"470358827896906752","4"
"470324047103259200","4"
"469603798577660800","4"
"469981260378261248","4"
"469987449084608512","4"
"470019756519098368","4"
"470005860359503872","4"
"470009786374848512","4"
"469991947899273216","4"
"470002877710237696","4"
"470015119921547264","4"
"469997310417600512","4"
"469983300543008384","4"
"469972150442247936","4"
"469969008619144960","4"
"469614916294646784","4"
"469283855440026112","4"
"467788425546134464","4"
"467797420642104256","4"
"469280883414931968","4"
"469625633571856960","4"
"469629894749839936","4"
"469295504070810112","4"
"467447271368829248","4"
"461680781167566976","4"
"466042209621990080","4"
"460222303748663616","4"
"450072926121516672","4"
"454766312726633536","4"
"449359693067371008","4"
"451528491509374336","4"
"467485373227477312","4"
"454396255789648448","4"
"464577881343775168","4"
"465293733515863360","4"
"447896198880830592","4"
"469960279045153216","4"
"470640334965814976","4"
"471836846586293056","4"
"471831754705431360","4"
"470978602187821760","4"
"471430985164649344","4"
"471447765141866432","4"
"471355217566116800","4"
"471350680964967360","4"
"470944593696764352","4"
"471427704849742528","4"
"471379095659783680","4"
"471424608060881600","4"
"471393383543140288","4"
"471385636508463040","4"
"471388942433710016","4"
"471338479369675648","4"
"471372979773154816","4"
"470985466934547968","4"
"471042476429877632","4"
"471033913397551488","4"
"471039233276584320","4"
"470678586908626112","4"
"470954137298645440","4"
"470885847402912512","4"
"470881944892447488","4"
"470939295938282944","4"
"470889472023960320","4"
"470891201044114688","4"
"470896351192247552","4"
"470899271073754368","4"
"470909376586542336","4"
"470905117728009472","4"
"470673540766649536","4"
"469919570737712704","4"
"469913961900494400","4"
"469964984743862720","4"
"469968853334991296","4"
"469972100850360768","4"
"470343442801915264","4"
"470339096265651584","4"
"470329220575556992","4"
"470334021833094528","4"
"470348277840377216","4"
"470352697839875456","4"
"469590911406834880","4"
"469601646509819072","4"
"469597074227725504","4"
"461971272537651584","4"
"455438780964680640","4"
"457836256814640000","4"
"462724664129473856","4"
"457214878110905344","4"
"462262786425669696","4"
"454747027551063232","4"
"460860654251032576","4"
"447787251573540736","4"
"468823651991909632","4"
"460837186137286016","4"
"452163463549387584","4"
"464167764555481472","4"
"461223808225585152","4"
"463106960089155648","4"
"448268849556644032","4"
"463773499248888320","4"
"457680642651547584","4"
"461294952282672064","4"
"468833670747049856","4"
"457260167898334784","4"
"461197666726763968","4"
"449589657882165184","4"
"453672152902973824","4"
"449585285945196480","4"
"463391016093780288","4"
"458026098760168704","4"
"461610771930218880","4"
"473215657194127744","2"
"472891626293133696","2"
"472873405800488192","2"
"472855431936974080","2"
"472480094540905216","2"
"472465713979418560","2"
"472471744511961024","2"
"472494250757307136","2"
"472484779402312448","2"
"472498765170588416","2"
"472490855543716608","2"
"471772767946719552","2"
"471762205692486848","2"
"469947187826163968","2"
"469950296577179904","2"
"469955021066371328","2"
"469959111246774528","2"
"470610458140643648","2"
"470596358253744448","2"
"470605104874950976","2"
"470607782053056832","2"
"470593248412209472","2"
"470602283756720448","2"
"470590346473935168","2"
"470599223315697984","2"
"469963326828478720","2"
"469940020700152064","2"
"469931347751895296","2"
"468398921362818496","2"
"468411326583554304","2"
"468038357042192000","2"
"468504398970489088","2"
"468511500581472512","2"
"468500216251156736","2"
"468514588360968448","2"
"468507666895341824","2"
"468030702517309056","2"
"468044842790936192","2"
"468049435335712384","2"
"468056192426565248","2"
"468063049153109632","2"
"468386175389286656","2"
"468404450714206464","2"
"468144362105486592","2"
"468147758099217664","2"
"468152477874011392","2"
"468158216583658752","2"
"468163764737686784","2"
"468111950887365952","2"
"468121835159006528","2"
"467404190993808640","2"
"465255921924547712","2"
"466673083961499648","2"
"448232881696448320","2"
"453274883159134272","2"
"465219459376063616","2"
"464750802647741184","2"
"454010513021478784","2"
"451476936312033600","2"
"443869668401801792","2"
"443145086794367424","2"
"468015493299916416","2"
"440251288987397376","2"
"465950846873342528","2"
"460423830686730624","2"
"441351427991929472","2"
"443856293787556480","2"
"452901890800154304","2"
"465967775059120704","2"
"466682452295999488","2"
"455421688571415488","2"
"465615386869006272","2"
"460889171128103424","2"
"458356362444388672","2"
"467784444369262848","2"
"454018966842517376","2"
"465231299481019520","2"
"465602018917515200","2"
"448944239526364032","2"
"458328049441159488","2"
"457964810591427200","2"
"459068065267346624","2"
"447126084279902464","2"
"458364159299008832","2"
"473241608912225856","2"
"473242401529487680","2"
"473236361358434624","2"
"472996879850249344","2"
"472976695197721984","2"
"472991899714034816","2"
"472967216414514816","2"
"472971436572204672","2"
"472980677304228992","2"
"470090777986225792","2"
"470096664612198016","2"
"470085206188906112","2"
"469713317201579840","2"
"469707506500898624","2"
"469723308821527936","2"
"469729245410049408","2"
"467917954703436992","2"
"467926212054887616","2"
"469698547362697024","2"
"468531204339676416","2"
"468524625703875840","2"
"468499533334721792","2"
"468536761779893504","2"
"467893922373315776","2"
"467902342975466688","2"
"467897984338635968","2"
"467908148680731840","2"
"467914259781659840","2"
"467929767365061824","2"
"467934311780199616","2"
"468543395583374592","2"
"468178432918776064","2"
"468117812851162560","2"
"468121760819494336","2"
"468131114511678912","2"
"468212832536586496","2"
"468202222339975424","2"
"468183013920827648","2"
"468198680258636032","2"
"468207636511156480","2"
"468192430670178560","2"
"467922162756365504","2"
"467849558116755712","2"
"467845250985978112","2"
"467853367601752320","2"
"467840133209483520","2"
"467824534710348032","2"
"467832647102458112","2"
"467859802679109888","2"
"467559968605904512","2"
"457761136499108992","2"
"452883347516017920","2"
"456273838521470144","2"
"440274451065544448","2"
"460205482875497408","2"
"471357862994628480","4"
"471346964958768064","4"
"471297121191511232","4"
"471114339400042368","4"
"471124829127853952","4"
"471109716173932416","4"
"470940237336979968","4"
"470941336782920896","4"
"470937327732939968","4"
"470716037380395968","4"
"470355693308011648","4"
"470350136405303168","4"
"469154238538953792","4"
"469529388120319552","4"
"467816404330826560","4"
"469919502625489856","4"
"469533747710446272","4"
"469921310773598720","4"
"469630566995547776","4"
"469536684179990336","4"
"469518343460922944","4"
"469524018350040640","4"
"468918269613922880","4"
"469150335713915968","4"
"469137194062122816","4"
"468921386044718464","4"
"468841218525598784","4"
"468854008546827392","4"
"468859928167136512","4"
"468478862423637184","4"
"468217928305673536","4"
"468482317061322624","4"
"468414972116710912","4"
"468434489980575680","4"
"468564308432519552","4"
"468497183675639296","4"
"468497729502603968","4"
"468512156816632768","4"
"468508023074188224","4"
"468515559286369216","4"
"468503656271047616","4"
"468203082439932352","4"
"468405462109931136","4"
"467790448571749440","4"
"467804150026135552","4"
"467405352394356480","4"
"467072771690766080","4"
"467415907015627392","4"
"467402602821751424","4"
"466598328088557824","4"
"462382479724629888","4"
"464117478801916480","4"
"462270101454129792","4"
"462281939025726080","4"
"461335161410109376","4"
"464219589011133056","4"
"463721189394537536","4"
"463410616346326464","4"
"444992819999300160","4"
"461541016702169792","4"
"465983584022946752","4"
"462741706040343424","4"
"465509347965283712","4"
"455476210023094720","4"
"450452178376535936","4"
"465180081277637696","4"
"465289781380248256","4"
"466215841884418304","4"
"465309661499964224","4"
"463374517935446592","4"
"446711019243266688","4"
"464084362049100544","4"
"462343396450124480","4"
"463887694748900416","4"
"449737524139636736","4"
"461679513502262848","4"
"464841472835324672","4"
"466208913477683328","4"
"464569226757160000","4"
"462255140002663040","4"
"449891542186431296","4"
"473775792421528640","4"
"473785259552859200","4"
"473781693261997120","4"
"468162616152202240","4"
"468159318108052480","4"
"468173362021964800","4"
"468237129267776960","4"
"468862184879984704","4"
"468952836854681664","4"
"468946832058388544","4"
"468919615945347136","4"
"468926320271855680","4"
"468931261602369600","4"
"468936328573259840","4"
"468923029953613888","4"
"468882690035322944","4"
"468889138081468480","4"
"468866842377752640","4"
"468914859722051648","4"
"468904578988019776","4"
"468895631900053568","4"
"468907915892396096","4"
"468892498679468096","4"
"468899369448542272","4"
"468852422162374848","4"
"468847159900496064","4"
"468843561892307136","4"
"468155273314212864","4"
"468572896201180608","4"
"468618702526633024","4"
"468621400338678784","4"
"468613853839905856","4"
"468625740117918720","4"
"468630689010762752","4"
"468217777298574784","4"
"468212879915978176","4"
"468561005571638720","4"
"468565831739147712","4"
"468204458747596224","4"
"468554046849821376","4"
"468181075464502016","4"
"468575742268189824","4"
"468176078886713152","4"
"468167711409478656","4"
"468582411638861824","4"
"468549170015120064","4"
"468471223887260672","4"
"468522639817941056","4"
"468526111531442240","4"
"468530058375700544","4"
"467091993176915264","4"
"464085392430811392","4"
"465674699156974208","4"
"463154283435758784","4"
"450756799825431424","4"
"465302019415294272","4"
"463108265864303808","4"
"463131721947387072","4"
"454095054297996736","4"
"466319646445883328","4"
"463143561209287872","4"
"454101489379548608","4"
"462952809418167488","4"
"443061460992876672","4"
"455445781665874944","4"
"468425312535658816","4"
"463096399517479168","4"
"446162119158521728","4"
"451556122494840320","4"
"455466474017195008","4"
"465281457222227072","4"
"466775239314763584","4"
"450408090206535488","4"
"450035891792204864","4"
"450001817698522176","4"
"464901560727054144","4"
"453350716352689024","4"
"457690524963299072","4"
"449995213028676672","4"
"452273999919346240","4"
"450399811464134464","4"
"466742961408055424","4"
"466271426839790784","4"
"463319865451844800","4"
"462922080835324608","4"
"454524024156552832","4"
"457681978255204096","4"
"464921610469058368","4"
"466055043154654656","4"
"451886994360184320","4"
"466711803428872896","4"
"449401090889010496","4"
"466030113054733760","4"
"450379220724023104","4"
"457668998880812800","4"
"439369039165101888","4"
"448567567093437312","4"
"443048877653057664","4"
"462704613204245568","4"
"470873466889721344","4"
"470877270884374016","4"
"471722345090728384","4"
"471736667946828224","4"
"471730287189901760","4"
"471753574456443328","4"
"471760478758977984","4"
"471691852626477504","4"
"471708573366174144","4"
"470860948570002944","4"
"470865389964645888","4"
"470950338013713152","4"
"470933989103260416","4"
"470898444830408832","4"
"470885236052754560","4"
"470923620829909760","4"
"470912093162853120","4"
"466989440475767552","4"
"466993232223052544","4"
"467364546321845632","4"
"467600326362291136","4"
"467606202716412864","4"
"467610581905333184","4"
"467616683153841088","4"
"468796853419714112","4"
"468809443302647360","4"
"468814782928463424","4"
"468818700618114624","4"
"468801787192092224","4"
"467636301679451072","4"
"467643055671789184","4"
"467628735071148992","4"
"467633187442285504","4"
"467622875322276800","4"
"467368516578686208","4"
"467002994741084864","4"
"466985506860344064","4"
"466633984123985280","4"
"466635353887151488","4"
"466623368965461376","4"
"466631184404221568","4"
"466267281168803392","4"
"466276864830481984","4"
"465892241659859264","4"
"465115365882510592","4"
"465102580305935616","4"
"465079896500224640","4"
"465074457276465792","4"
"465086842737410688","4"
"465091006899993856","4"
"462600518255155776","4"
"462896343273994432","4"
"464452395851068608","4"
"457176773447694656","4"
"463251090364172928","4"
"462560730957741376","4"
"462550820224236864","4"
"456044020011727808","4"
"448845053323865856","4"
"448512085507327616","4"
"471325909482808192","4"
"471796735468749760","4"
"471751522926861184","4"
"471691114150929984","4"
"471083233025080128","4"
"471354059062178624","4"
"471348465873908544","4"
"471322366558413696","4"
"471329684624843648","4"
"471344413899420480","4"
"471091503605365568","4"
"469941204245342464","4"
"469944698754885888","4"
"469879635698825344","4"
"469870452406863488","4"
"469874756723263104","4"
"469588173431661248","4"
"469591042028264000","4"
"469580373053825728","4"
"469506449503281920","4"
"469501556554064640","4"
"468881814005705280","4"
"468886617192713280","4"
"468140360855885184","4"
"468144499891980096","4"
"466669963072960192","4"
"466619783330816064","4"
"466647561736434240","4"
"466666169607400128","4"
"466621780049411392","4"
"466629914813810944","4"
"464431010167105856","4"
"465967895982511872","4"
"465637629055903488","4"
"465542150410731904","4"
"465551382229025152","4"
"465547764008485248","4"
"465555397889229184","4"
"465652565400098880","4"
"465646622759196736","4"
"465656289455511616","4"
"465299372696188288","4"
"465180217338696640","4"
"465174541115790272","4"
"438403416354886080","4"
"464504277750226688","4"
"464499459111690752","4"
"464435428690209088","4"
"464130361904151104","4"
"463536308423947264","4"
"460105524658566208","4"
"456133860048536576","4"
"455562133545896448","4"
"456530793649641856","4"
"450500483697620736","4"
"451598967183200960","4"
"460227908369089600","4"
"453036957466741696","4"
"450344114887809792","4"
"448257500292587520","4"
"449600613844630272","4"
"459779351164106112","4"
"449435725224180736","4"
"455860391076741696","4"
"459771195230000704","4"
"460293917006877504","4"
"461562265148302848","4"
"470214301659054848","4"
"470218139230723264","4"
"470223243354758336","4"
"470228013092101312","4"
"472600724922638912","4"
"472597367436812864","4"
"470241101713965248","4"
"470242130945234368","4"
"470264364146591616","4"
"470267752544438144","4"
"470331579034224064","4"
"470622244324389568","4"
"471834530753232512","4"
"471837982233411200","4"
"471855459004684992","4"
"471849208287959744","4"
"471772264724708544","4"
"471781594666675840","4"
"470635158476360832","4"
"470598596767134400","4"
"470601837387068096","4"
"470637440395840640","4"
"470313887291732864","4"
"470617817144242880","4"
"470612807312356032","4"
"470606014897074880","4"
"470419100312830336","4"
"470440212450358528","4"
"470573029123218688","4"
"470630265598866176","4"
"470591007073383104","4"
"470573460238044352","4"
"470412739164251200","4"
"470335699686245824","4"
"470429968547891456","4"
"470425978921732352","4"
"470344517736449472","4"
"470260117112817344","4"
"470306012846465216","4"
"470355510571873984","4"
"470344452549424832","4"
"470269541554918528","4"
"470292415462236224","4"
"470074376186167360","4"
"470078887948648512","4"
"470063135416837504","4"
"470056160353877888","4"
"470040877181488640","4"
"470024974691782144","4"
"470030627976039936","4"
"462699890486686272","4"
"454846692180975616","4"
"461305673947234240","4"
"454390971881280384","4"
"449994099021652672","4"
"456603278459802816","4"
"459489024618156800","4"
"468935709117607360","4"
"448883031789270080","4"
"444154846443618752","4"
"473704467929552448","4"
"473697780367676992","4"
"473714262979958336","4"
"473719146848507456","4"
"473725407417652800","4"
"470277619572074944","4"
"470282748048239040","4"
"470344155997634432","4"
"471929799825674816","4"
"471922752539316800","4"
"471936477490054464","4"
"471919501144730816","4"
"471480494850706688","4"
"471475848160527552","4"
"471453063344197696","4"
"471160135839432128","4"
"471152238866775488","4"
"470293568790223680","4"
"470325814080786048","4"
"470338506089791360","4"
"469947509218149184","4"
"469943766162539328","4"
"466827297631327808","4"
"466834088775734848","4"
"466830401735054912","4"
"469954907484342528","4"
"469952523253205248","4"
"469709475615224064","4"
"469701565111742720","4"
"469727862898700544","4"
"469719949580841216","4"
"469350783521111104","4"
"469345520856579136","4"
"469348171291802688","4"
"469197284791331008","4"
"469201068942731456","4"
"469192697699150016","4"
"469187968306325312","4"
"469218849331390656","4"
"469337106654936128","4"
"469340221596744768","4"
"469343089263361088","4"
"469018234988372096","4"
"468989450642051264","4"
"468992371013811648","4"
"469001397915188672","4"
"468997972716518848","4"
"469009238650617280","4"
"465016348224190144","4"
"464566837988143360","4"
"463925636156509440","4"
"464636977745901120","4"
"451989503652938048","4"
"466117870891007296","4"
"447512831664440704","4"
"441440055797375360","4"
"473770736413375680","4"
"470184969294239296","4"
"470507835164382784","4"
"470518786232079936","4"
"471259444812266496","4"
"471263046918290432","4"
"471266748525788160","4"
"471955715651915648","4"
"471934002028854784","4"
"470966986138958016","4"
"470940874884211392","4"
"471593156176367488","4"
"470944554467418816","4"
"471666292202169216","4"
"471660687194350464","4"
"471241520642826944","4"
"471235443318629056","4"
"471213286154841792","4"
"471294987644186304","4"
"471283530768592576","4"
"471244405199905472","4"
"471248416779051712","4"
"470934565623390912","4"
"470951114665059008","4"
"470200687419119168","4"
"470216630834196672","4"
"470241691706775104","4"
"470554698496267840","4"
"470918814065295360","4"
"470494227961402944","4"
"470256183165507136","4"
"470229053672567488","4"
"470242317058855808","4"
"470237663994467200","4"
"470226424133366464","4"
"469458092134580544","4"
"470125933172351168","4"
"469450288946561344","4"
"470168760695838272","4"
"470158442104018496","4"
"470134152646284864","4"
"470141315057899072","4"
"470148175446070848","4"
"470114088828196416","4"
"469375040346169984","4"
"469133741449259584","4"
"469142082716150336","4"
"469064481279026752","4"
"468717905174870720","4"
"468693962560331136","4"
"457442571699251008","4"
"468437249985475328","4"
"468706468285135552","4"
"446351135868835648","4"
"466825393805365120","4"
"468644887278874752","4"
"457113506348298624","4"
"456910924037298304","4"
"461093060451870016","4"
"457170008042453952","4"
"456059790182263936","4"
"456109574096104576","4"
"455779089505768640","4"
"463206696023707840","4"
"449822869911447872","4"
"473316794588437696","2"
"472963493579142144","2"
"472850002610443456","2"
"469950083753387392","2"
"470395125441856512","2"
"471671872332653312","2"
"471423388170836416","2"
"471136597011868352","2"
"471141066273467072","2"
"470781572798650304","2"
"470798207935702976","2"
"470795177036788480","2"
"470702164800870336","2"
"470706181996189632","2"
"470709534834928128","2"
"470723518582631232","2"
"470717182297910080","2"
"470721777799670592","2"
"470384979731557056","2"
"470334944632710528","2"
"470332132276381056","2"
"470391624924889984","2"
"470258575261377920","2"
"470264945031378688","2"
"469944688582403456","2"
"469516756531479680","2"
"469707261792595520","2"
"469704863573454400","2"
"469524804675241088","2"
"469520390442910848","2"
"467725303338499776","2"
"469301479317983168","2"
"469321501830565824","2"
"469295897315921856","2"
"468949163423322048","2"
"468952624684617664","2"
"468600790088339968","2"
"468592310933705216","2"
"468596775690621440","2"
"468506709190030208","2"
"468510074506621824","2"
"468118631182432896","2"
"468111865929464448","2"
"468108538613267072","2"
"467718500366155456","2"
"467813113279508352","2"
"467808837958332288","2"
"467870208032768832","2"
"467762115362123648","2"
"467461900695554496","2"
"467025725351760000","2"
"452929779053960768","2"
"454107780401884224","2"
"455089722256056128","2"
"445298711837992384","2"
"451950202905257088","2"
"447525881028914368","2"
"449763446649818048","2"
"458378699850316480","2"
"457750788316916352","2"
"444019658695010176","2"
"457744426417580672","2"
"449747016381012160","2"
"470205433060733504","4"
"470594737797733184","4"
"470603692783573824","4"
"471865151503643840","4"
"470912657259361728","4"
"470918039201510848","4"
"470612506610113344","4"
"470607118120655680","4"
"471071748902298816","4"
"471092612028162624","4"
"471089387979924032","4"
"471085158569599552","4"
"471063616329778496","4"
"470904313564491584","4"
"470909699025661760","4"
"471041077784249664","4"
"470940025172720640","4"
"470923966452949184","4"
"470622617679628480","4"
"470933628712042048","4"
"470613294055800128","4"
"470207286991901824","4"
"469692468094396288","4"
"469697849403205504","4"
"470036430262151360","4"
"470041808844662976","4"
"470050632138171584","4"
"470047115382094976","4"
"470062569313270080","4"
"470071823701113152","4"
"470043977971399808","4"
"468124528725987904","4"
"469710662066495552","4"
"469713668010926144","4"
"469707144547000384","4"
"469686421912792640","4"
"469703851712176192","4"
"469679145446062848","4"
"467733791419226688","4"
"469282066921078144","4"
"469286621750672768","4"
"469261621140303360","4"
"469269851044228608","4"
"467741388898282496","4"
"467749376974311360","4"
"467753788249657280","4"
"468011466755677376","4"
"468018869660656768","4"
"468022376841192576","4"
"468919639508691968","4"
"467107042372439936","4"
"463512290030629504","4"
"462680163746403712","4"
"468121651605589056","4"
"462690476285842816","4"
"468593390510957568","4"
"465463905378814336","4"
"468116167515181632","4"
"447717986846596096","4"
"462613143402470784","4"
"459895506403110208","4"
"467092549789634432","4"
"455410677323418112","4"
"465568413137195264","4"
"466809217628885248","4"
"459889237252418880","4"
"462734532256814464","4"
"462742528609310080","4"
"456625117812221632","4"
"444888263819287552","4"
"465453072674376064","4"
"463546907507034432","4"
"459903387739401536","4"
"462672504670475648","4"
"456639730115319872","4"
"454095646412457408","4"
"471426168401547136","4"
"470715904323518336","4"
"470721339466219392","4"
"470726692698357632","4"
"467041351732307008","4"
"469255727880161216","4"
"469261449279915968","4"
"467969431833182720","4"
"468890376105445312","4"
"468883016834172864","4"
"467978004713734656","4"
"468006658361933056","4"
"468008639663062272","4"
"468010358069411072","4"
"468543235752097792","4"
"468558115083286528","4"
"467958666539598336","4"
"467987494975829504","4"
"467991496987768320","4"
"467808102939970112","4"
"467805113395268160","4"
"467421670430733760","4"
"467418202668985536","4"
"467111362040395584","4"
"467066501404784448","4"
"467055077177653056","4"
"467054234000172096","4"
"465881168874178880","4"
"465906829730795904","4"
"465893651495438272","4"
"465889720979605440","4"
"465889312646367296","4"
"465507518687640064","4"
"465475746248263744","4"
"465492329884672000","4"
"465486988195258368","4"
"465504707879008768","4"
"465499984585193984","4"
"465497546600603648","4"
"464964473898724160","4"
"464945550225915456","4"
"464954819901996608","4"
"464941679283013696","4"
"437773968874972864","4"
"464188454574887040","4"
"464200289735350272","4"
"464583348431229568","4"
"438760642108796672","4"
"438762729102192384","4"
"464569416721874560","4"
"461606144878471104","4"
"452602953258770560","4"
"469666954854140608","2"
"469168121647836992","2"
"467058981095156480","2"
"467047564940513216","2"
"467051532141275904","2"
"467043642020564928","2"
"467035814484611008","2"
"466411212003841152","2"
"466408378394973312","2"
"466386960961737856","2"
"466404486156358784","2"
"466400453748298880","2"
"466397464199402624","2"
"466394372762473600","2"
"439253281097983488","2"
"439256734792754688","2"
"439855006540357824","2"
"439858227178627264","2"
"440239906939827136","2"
"440261402560328960","2"
"440265103463183616","2"
"440274055563343104","2"
"440332257192758720","2"
"440334876036484544","2"
"440694194958370304","2"
"441351285546366464","2"
"441392673581306624","2"
"441399261218083584","2"
"441402158899139328","2"
"454074285676698240","2"
"441762317400342272","2"
"441769525227880192","2"
"441784441042284800","2"
"441787385296892160","2"
"441795047925395712","2"
"442796312628395136","2"
"450786689856476096","2"
"450102941158702208","2"
"460882856249651904","2"
"454425267289906368","2"
"450489321039315584","2"
"455514003907735296","2"
"447627358318047232","2"
"455553969552986560","2"
"450078388940405888","2"
"442410866294997504","2"
"453761515995580928","2"
"442887791972554944","2"
"455503475617492736","2"
"451865407362884736","2"
"470519099192854784","4"
"470523272340785408","4"
"471998506997006976","4"
"471993732897587840","4"
"471981096642429568","4"
"471986645215888000","4"
"470970319124603008","4"
"470976813856576384","4"
"470981341947483008","4"
"469209809992364352","4"
"466621115738060288","4"
"466682204769953216","4"
"466988621110047488","4"
"466995292632904448","4"
"469220750712713536","4"
"469214179257561408","4"
"469226249994711360","4"
"468795230284908096","4"
"468787314626627136","4"
"468791116561876544","4"
"468492213886507584","4"
"468484728903555648","4"
"466658861727928000","4"
"466663178144894656","4"
"466984959965000448","4"
"466685571772655040","4"
"466667150938816832","4"
"466633325843543552","4"
"466627055421978112","4"
"466673781927919936","4"
"466670709625405760","4"
"466650614228897472","4"
"466653754361695936","4"
"466647854930513600","4"
"465567628650949184","4"
"465271367535599232","4"
"465573767056796224","4"
"465580061121653312","4"
"465576883269478976","4"
"465609120069849344","4"
"465603032045981952","4"
"465159837403831296","4"
"465162808090942464","4"
"465605974727725312","4"
"452541000755545408","4"
"452193199130831104","4"
"465019050917817536","4"
"461195640344989760","4"
"450725386890919104","4"
"460412859952236800","4"
"460429534964566912","4"
"448538580384075712","4"
"461584100686625408","4"
"457966338946026688","4"
"473096263925707008","2"
"472683208450619712","2"
"472688587154766144","2"
"472858740490031424","2"
"469958350577169088","2"
"469961509714358976","2"
"472120003382444608","2"
"472123398109495872","2"
"470614976683481920","2"
"470950594798871872","2"
"466934852462796032","2"
"467029639012474944","2"
"469879947654649856","2"
"469825113235282752","2"
"469830250292992832","2"
"469946633644102208","2"
"469955120677879168","2"
"467325746665107328","2"
"467348844131340608","2"
"467353275111526720","2"
"469876583604738048","2"
"469168037955342464","2"
"469163152149024896","2"
"469157025256423424","2"
"468825355575807744","2"
"468828784276721408","2"
"468832600531324672","2"
"468807160365178432","2"
"468802474224343872","2"
"468812080226498816","2"
"468764817458403008","2"
"468773829159622336","2"
"468770797667686080","2"
"468767745661408960","2"
"468761694237038272","2"
"468758675860690624","2"
"468754976971101888","2"
"467758099508781952","2"
"467766330729847168","2"
"467393669554979200","2"
"467035468642050112","2"
"467409312790446912","2"
"467388490696835456","2"
"467416970033464128","2"
"467334022593130368","2"
"467330305714171776","2"
"467401117082682176","2"
"467427395869442880","2"
"467397856212763008","2"
"461456080611310592","2"
"464772545122030080","2"
"463344353676560192","2"
"462226024805226176","2"
"462238084180006592","2"
"458300641340958912","2"
"456482675401576896","2"
"451763625921818432","2"
"453180020661358336","2"
"462232020944475840","2"
"450720093429642816","2"
"451071841833744960","2"
"454359042191919936","2"
"458265282246169408","2"
"451786625664626496","2"
"458666012797481664","2"
"451780264331521856","2"
"453605685780298112","2"
"450258356784939392","2"
"456791802083932928","2"
"451742999437848384","2"
"460860107224314560","2"
"458947554607125952","2"
"446659947804781696","2"
"456776203063777600","2"
"464053441840565312","2"
"442031613549568640","2"
"450368907517448000","2"
"458942524206372288","2"
"448881349203079936","2"
"449278457128511552","2"
"456455511422860160","2"
"449251328898564928","2"
"473631887983037824","2"
"473626054041718144","2"
"473634446097436032","2"
"472862155933464896","2"
"472857406043568448","2"
"472889374746284736","2"
"472827291874557056","2"
"472863521736153152","2"
"472883308117562048","2"
"472873634849019968","2"
"472880290143867584","2"
"472816082978798720","2"
"470077734199825792","2"
"472079930813155456","2"
"472481957063875456","2"
"472281065658185536","2"
"470258208596034432","2"
"471793212415042688","2"
"471436294529923520","2"
"471444244224981440","2"
"471441294651996608","2"
"471326952266604736","2"
"471335373925720256","2"
"471446808744081856","2"
"471449438845319616","2"
"471792338332313856","2"
"471889922315710720","2"
"470983028596976896","2"
"470979455834303744","2"
"471453100556597696","2"
"471354555228363392","2"
"471819520736219776","2"
"471484931139627456","2"
"471363469542038144","2"
"470966094497230080","2"
"471506978511186368","2"
"457977363623226752","2"
"466253534813998464","2"
"442427535314731520","2"
"467883003607616512","2"
"467842405268895232","2"
"464910197594873344","2"
"464978700107483008","2"
"453775755736320384","2"
"450734709190619072","2"
"469361696152289344","2"
"446874444402248704","2"
"452582718677282496","2"
"467826056452395520","2"
"438754686943089024","2"
"467850131193640448","2"
"448198602791468928","2"
"467860608232576576","2"
"459576681017226560","2"
"469654604415152320","2"
"455599541193358336","2"
"448240412019900160","2"
"455622536015689856","2"
"465198037442749824","2"
"451587649794590592","2"
"460527920472965632","2"
"469575785657709248","2"
"455841278773186880","2"
"467102205382616896","2"
"464635260892779776","2"
"459556354933723200","2"
"451077889206244736","2"
"457394215887150592","2"
"464973156177119104","2"
"467908628527549440","2"
"450524079911560128","2"
"467460401270331392","2"
"452365832539331584","2"
"467186464440844608","2"
"448234685691838208","2"
"454175591487474368","2"
"458143800304104576","2"
"457667724990590528","2"
"455916523058657664","2"
"468281522767487936","2"
"454747586440759104","2"
"469647143506850496","2"
"470696833786485760","4"
"471796476775327232","4"
"471799462381577728","4"
"471776115102575680","4"
"470706190020497472","4"
"470710371754168384","4"
"470714375032787008","4"
"470718922918444416","4"
"470723786662722944","4"
"470727803874819456","4"
"470733080967757184","4"
"470738098542329216","4"
"470746601759686016","4"
"470750535794539904","4"
"470754887959559552","4"
"471061755288514752","4"
"471802037872012928","4"
"471807479343918720","4"
"471652749972933248","4"
"471429493934785472","4"
"470900704487520448","4"
"470908855437867200","4"
"470914226965559488","4"
"471444758982028992","4"
"471436610279829184","4"
"471467054674691072","4"
"471441520895454912","4"
"471470627433169920","4"
"471462660285613056","4"
"471474519671784448","4"
"471050899946920000","4"
"471423915380442048","4"
"471479885147096064","4"
"471450935107251904","4"
"471453975881182912","4"
"471261747610384384","4"
"471249131353623232","4"
"471257104977185472","4"
"471073527135367360","4"
"471084728984066944","4"
"471090662196173696","4"
"470703698679340032","4"
"470983691615080704","4"
"471080956094372736","4"
"471075435807300480","4"
"470977537870663936","4"
"470904397299562688","4"
"470691374054296576","4"
"470369132510132416","4"
"470366057116416192","4"
"447139132347950272","4"
"464911842173853248","4"
"466169205216887744","4"
"459164618845339328","4"
"446804485379369216","4"
"460544636343089664","4"
"465635492376934016","4"
"446472775605457984","4"
"446624867451743232","4"
"446735208968108160","4"
"456603301645341376","4"
"447694142923741568","4"
"460538870328523264","4"
"460190346380184832","4"
"465993988056051136","4"
"458226833941546624","4"
"458246583354607232","4"
"455567184041066816","4"
"458219809455425152","4"
"460931464265081216","4"
"459156415399083712","4"
"470359854424471744","4"
"458698467333878656","4"
"459490654953085312","4"
"460556867696916992","4"
"464549889716196224","4"
"456597468354138816","4"
"460150044528863936","4"
"469985604940986624","4"
"455740582818622976","4"
"456938156604699264","4"
"446726473742825600","4"
"464391421735524800","4"
"458672517590266752","4"
"460519605193996800","4"
"465427114173067008","4"
"447896889082128256","4"
"455760264111992320","4"
"460552516655970816","4"
"456854336063513344","4"
"458742034652886848","4"
"471450386351421632","2"
"471459610850654400","2"
"467177809963027648","2"
"467162655066066112","2"
"467158715545062592","2"
"467170357347519680","2"
"464073066354975360","2"
"464062022928704128","2"
"465634708424082176","2"
"464912565861097024","2"
"464921068659023424","2"
"464467061596118080","2"
"464451851136158848","2"
"464455273801469056","2"
"464461736326352000","2"
"464079742411874944","2"
"464083470724506240","2"
"464043060087815360","2"
"464054745639297664","2"
"464058198633620096","2"
"463713870023419584","2"
"463717679541970624","2"
"463745323696498944","2"
"463734403771508992","2"
"463709848453441216","2"
"463702561013245248","2"
"463700085501049472","2"
"463342226754981504","2"
"440964422275671936","2"
"440976571892889536","2"
"463328314856787584","2"
"463332572868071040","2"
"463306312800489088","2"
"441286981665787456","2"
"463096228673703552","2"
"442354045310037760","2"
"442360037351452416","2"
"462229843686082176","2"
"461892466122075776","2"
"444821877274942144","2"
"461630849076284544","2"
"461634620686716032","2"
"461617795898920064","2"
"459770209127117952","2"
"459762978528703616","2"
"459766723622745216","2"
"459758834581517440","2"
"448504037086926272","2"
"448516314527765952","2"
"448528159569417664","2"
"473658971900312000","2"
"473675433117448640","2"
"473652994497018304","2"
"473670709123185088","2"
"473647756528548288","2"
"472968925700429120","2"
"472963421460763968","2"
"472933863843941184","2"
"472937696405998400","2"
"472953017308361216","2"
"472245541536390656","2"
"471489036076684288","2"
"471115023260957824","2"
"471485621769646400","2"
"471113810557761984","2"
"471124667610134976","2"
"471120161761622464","2"
"470771055182823232","2"
"470752927695415744","2"
"470746824752409024","2"
"470758847678687680","2"
"470765601929076096","2"
"470411195996150208","2"
"470406347871459776","2"
"470058665180552448","2"
"470040790328066880","2"
"470046479784002368","2"
"469305948105279680","2"
"470035377989796672","2"
"470024453803393856","2"
"469679792066812160","2"
"469684628053537152","2"
"469300558848264384","2"
"469309635498281152","2"
"469679696581757056","2"
"469693478513848512","2"
"469700650849185984","2"
"469315769391214848","2"
"469296550029851328","2"
"468942824897133632","2"
"468955650745047744","2"
"468949957967223488","2"
"468597506848835840","2"
"468578608619440384","2"
"468223960428026432","2"
"468241949230571392","2"
"468590655746853120","2"
"468581763952396544","2"
"468585423688157440","2"
"468229343922068032","2"
"473245784014140864","2"
"473251838961726912","2"
"473255491982407104","2"
"473240146877953472","2"
"470431085181137728","2"
"471456515126901184","2"
"471459952220617152","2"
"471178353414166144","2"
"471182039888615040","2"
"470424867398087488","2"
"470598716377248192","2"
"470615910168507712","2"
"470606324678112576","2"
"470612947362493760","2"
"470611036567614784","2"
"470619165426562368","2"
"470594828362297792","2"
"470425138792100800","2"
"470418949576455104","2"
"470434519879906112","2"
"470445683951402112","2"
"470441760188398720","2"
"470463267638452288","2"
"470448588490144896","2"
"470452039655750784","2"
"470437231820668032","2"
"470455272362294272","2"
"470375725397580544","2"
"470365046229906368","2"
"470366047724772096","2"
"470355648811695168","2"
"470261323167444160","2"
"464209576689505792","2"
"454516661673789056","2"
"463917822307311552","2"
"455463857170763840","2"
"455929698359789440","2"
"468566526210392256","2"
"464900157664222720","2"
"468585676809251520","2"
"442189180064927808","2"
"455791450235480128","2"
"450896039713820416","2"
"465017876397342720","2"
"459093455707499968","2"
"465752559073312960","2"
"464642033531917568","2"
"460608650229685952","2"
"472733492412160128","4"
"472738827487156352","4"
"470297937283984000","4"
"470519687207642944","4"
"470923153819695744","4"
"470930450495175296","4"
"470933460306754176","4"
"470496946001117824","4"
"470915338124315840","4"
"470489614420640384","4"
"470504177514506048","4"
"470513458590705472","4"
"470551650096013632","4"
"470604603273071104","4"
"470600201288108544","4"
"470574227423572352","4"
"470593650880995072","4"
"470590829515300608","4"
"470555635779526976","4"
"470561232100942144","4"
"470566665377177920","4"
"470529245959350080","4"
"470256157947041792","4"
"470063650889431424","4"
"470068105072507264","4"
"470268132599499520","4"
"470261385923103488","4"
"470264955447773952","4"
"470260019487123968","4"
"470093382447162560","4"
"470082469803484352","4"
"470086217783207104","4"
"470078153524929728","4"
"470075224076215488","4"
"469831766669291200","4"
"469827742842777280","4"
"469822827235929792","4"
"469836539145514688","4"
"469476570699168384","4"
"469482447825042048","4"
"469527624010067328","4"
"469522903039896960","4"
"469541247043550336","4"
"469472304450271872","4"
"469465262650063488","4"
"469497640982078464","4"
"469487030005326848","4"
"469492680194188288","4"
"469500674155930624","4"
"468402985876640320","4"
"467899232019578176","4"
"467960576256040768","4"
"473037273862362496","2"
"473033586821682560","2"
"472993821274304768","2"
"472999775952151744","2"
"473011733105333632","2"
"473007928406037888","2"
"472990607674077440","2"
"472612564853676672","2"
"472630776563587712","2"
"472728087517294976","2"
"472737822190694784","2"
"472743858209386880","2"
"472731682375561600","2"
"472711115592046976","2"
"472643859382098560","2"
"472649311549479552","2"
"470560870167960000","2"
"470585604299070656","2"
"471974352918912704","2"
"471984179770531520","2"
"471988608217358016","2"
"471978719155822272","2"
"471276363414327424","2"
"471234481493632832","2"
"471287708264255616","2"
"471281536924733568","2"
"471593544785078848","2"
"471260901431398528","2"
"471589783719127616","2"
"470877439848969408","2"
"470882926359311552","2"
"470886549646570688","2"
"470871002938700992","2"
"470890795976717504","2"
"470897715475215552","2"
"470912157211968320","2"
"470919570888255488","2"
"470915392249980928","2"
"470512350320875968","2"
"470903821192151872","2"
"470605499371920576","2"
"470602082549275840","2"
"470592998366289088","2"
"470598299383536832","2"
"470506154809579968","2"
"470546803843881408","2"
"470528664963865024","2"
"470535892114561472","2"
"470520826694687168","2"
"466913159664670144","2"
"461521520348570304","2"
"462608777036082368","2"
"469100241317253824","2"
"469070164168790720","2"
"462275112704453120","2"
"455342032256563392","2"
"462288659920497152","2"
"458925819546544384","2"
"461503552285778624","2"
"462581506523313984","2"
"464387957195515584","2"
"448080607542546368","2"
"457918200051911744","2"
"457102521748155328","2"
"472822424191968448","2"
"472817391674514240","2"
"472832753793836224","2"
"472839714950161600","2"
"472836690676622528","2"
"472842609464517824","2"
"472844786507000640","2"
"472490682973636288","2"
"471026021790661120","2"
"471018163385068416","2"
"470634732773050560","2"
"471010233771951808","2"
"471000974795540160","2"
"470992963595208384","2"
"470651178810007168","2"
"470655522250874496","2"
"470661370176003712","2"
"470166043857124928","2"
"470160260956290624","2"
"470173379518660160","2"
"470169496289410624","2"
"469914351546604096","2"
"469922591508031872","2"
"469935450128411008","2"
"469989293147061888","2"
"469983954129419904","2"
"469980464509237888","2"
"469974502025083520","2"
"469915048954498496","2"
"469910821200924096","2"
"469543169688971520","2"
"469223306466847232","2"
"469219135852276224","2"
"469226095284742656","2"
"469567882615894720","2"
"469573115232432832","2"
"469564072992486080","2"
"469557266434011840","2"
"469208619012516224","2"
"468459952292366592","2"
"468465214100516992","2"
"467805743855279040","2"
"467811028392810176","2"
"467798513042955200","2"
"467802093686725568","2"
"467817860744630784","2"
"467821969153479168","2"
"462029653881389440","2"
"461220674185807808","2"
"462925609024809728","2"
"449271625017256768","2"
"460183680502409920","2"
"461961987236960896","2"
"460149445316626880","2"
"460180479149550272","2"
